wojewodztwo;powiat_miasto;liczba_przypadkow;liczba_na_10_tys_mieszkancow;zgony;zgony_w_wyniku_covid_bez_chorob_wspolistniejacych;zgony_w_wyniku_covid_i_chorob_wspolistniejacych;liczba_zlecen_poz;liczba_ozdrowiencow;liczba_osob_objetych_kwarantanna;liczba_wykonanych_testow;liczba_testow_z_wynikiem_pozytywnym;liczba_testow_z_wynikiem_negatywnym;liczba_pozostalych_testow;teryt;stan_rekordu_na
Ca³y kraj;Ca³y kraj;14325;3.73;709;200;509;26065;14648;218542;95608;15956;78346;1306;t0000;2021-12-29
dolnoœl¹skie;boles³awiecki;36;4.00;0;0;0;68;42;548;214;41;167;6;t0201;2021-12-29
dolnoœl¹skie;dzier¿oniowski;57;5.67;0;0;0;59;23;572;244;63;180;1;t0202;2021-12-29
dolnoœl¹skie;g³ogowski;25;2.81;0;0;0;40;27;462;219;26;191;2;t0203;2021-12-29
dolnoœl¹skie;górowski;8;2.31;1;1;0;25;20;229;79;8;71;0;t0204;2021-12-29
dolnoœl¹skie;jaworski;23;4.61;2;1;1;23;31;321;115;25;89;1;t0205;2021-12-29
dolnoœl¹skie;jeleniogórski;13;2.05;1;0;1;43;22;354;96;14;82;0;t0206;2021-12-29
dolnoœl¹skie;kamiennogórski;10;2.32;0;0;0;19;2;184;70;12;58;0;t0207;2021-12-29
dolnoœl¹skie;k³odzki;53;3.37;1;0;1;73;13;781;300;55;241;4;t0208;2021-12-29
dolnoœl¹skie;legnicki;21;3.80;0;0;0;43;27;416;126;29;92;5;t0209;2021-12-29
dolnoœl¹skie;lubañski;20;3.70;1;1;0;41;19;262;73;23;46;4;t0210;2021-12-29
dolnoœl¹skie;lubiñski;70;6.60;6;0;6;80;25;589;429;77;343;9;t0211;2021-12-29
dolnoœl¹skie;lwówecki;10;2.18;1;1;0;41;21;179;102;13;88;1;t0212;2021-12-29
dolnoœl¹skie;milicki;17;4.61;1;1;0;16;23;274;58;18;40;0;t0213;2021-12-29
dolnoœl¹skie;oleœnicki;53;4.94;0;0;0;47;47;720;221;60;159;2;t0214;2021-12-29
dolnoœl¹skie;o³awski;41;5.34;0;0;0;34;39;622;198;44;151;3;t0215;2021-12-29
dolnoœl¹skie;polkowicki;10;1.59;0;0;0;51;9;438;99;12;86;1;t0216;2021-12-29
dolnoœl¹skie;strzeliñski;12;2.76;1;1;0;38;18;326;74;13;61;0;t0217;2021-12-29
dolnoœl¹skie;œredzki;20;3.61;1;1;0;58;12;534;108;21;84;3;t0218;2021-12-29
dolnoœl¹skie;œwidnicki;79;5.05;9;0;9;68;38;928;348;82;256;10;t0219;2021-12-29
dolnoœl¹skie;trzebnicki;36;4.22;0;0;0;79;22;594;183;44;136;3;t0220;2021-12-29
dolnoœl¹skie;wa³brzyski;11;1.99;0;0;0;33;16;233;96;11;84;1;t0221;2021-12-29
dolnoœl¹skie;wo³owski;17;3.64;0;0;0;33;24;302;123;19;104;0;t0222;2021-12-29
dolnoœl¹skie;wroc³awski;77;5.00;0;0;0;124;108;1168;394;85;301;8;t0223;2021-12-29
dolnoœl¹skie;z¹bkowicki;19;2.95;0;0;0;23;8;245;100;19;81;0;t0224;2021-12-29
dolnoœl¹skie;zgorzelecki;57;6.42;0;0;0;53;25;608;182;61;113;8;t0225;2021-12-29
dolnoœl¹skie;z³otoryjski;6;1.39;0;0;0;26;19;236;54;6;48;0;t0226;2021-12-29
dolnoœl¹skie;Jelenia Góra;21;2.67;1;0;1;54;37;366;161;24;136;1;t0261;2021-12-29
dolnoœl¹skie;Legnica;51;5.15;1;1;0;56;70;793;287;55;224;8;t0262;2021-12-29
dolnoœl¹skie;Wroc³aw;408;6.34;5;5;0;499;379;4496;1951;443;1489;19;t0264;2021-12-29
dolnoœl¹skie;Wa³brzych;41;3.71;0;0;0;63;33;477;228;44;182;2;t0265;2021-12-29
kujawsko-pomorskie;aleksandrowski;9;1.64;0;0;0;27;10;209;105;10;94;1;t0401;2021-12-29
kujawsko-pomorskie;brodnicki;15;1.90;5;0;5;56;15;353;125;18;107;0;t0402;2021-12-29
kujawsko-pomorskie;bydgoski;58;4.86;1;0;1;126;78;810;314;60;248;6;t0403;2021-12-29
kujawsko-pomorskie;che³miñski;11;2.12;0;0;0;43;33;257;128;28;98;2;t0404;2021-12-29
kujawsko-pomorskie;golubsko-dobrzyñski;10;2.22;1;0;1;33;5;174;82;13;68;1;t0405;2021-12-29
kujawsko-pomorskie;grudzi¹dzki;17;4.23;9;8;1;40;26;291;136;18;115;3;t0406;2021-12-29
kujawsko-pomorskie;inowroc³awski;70;4.39;7;0;7;177;79;876;414;72;340;2;t0407;2021-12-29
kujawsko-pomorskie;lipnowski;6;0.91;2;0;2;19;15;229;129;6;122;1;t0408;2021-12-29
kujawsko-pomorskie;mogileñski;9;1.98;0;0;0;46;23;322;69;11;58;0;t0409;2021-12-29
kujawsko-pomorskie;nakielski;34;3.94;1;0;1;60;35;576;152;35;115;2;t0410;2021-12-29
kujawsko-pomorskie;radziejowski;9;2.24;0;0;0;31;19;205;62;9;53;0;t0411;2021-12-29
kujawsko-pomorskie;rypiñski;12;2.76;0;0;0;41;18;146;96;12;83;1;t0412;2021-12-29
kujawsko-pomorskie;sêpoleñski;20;4.89;0;0;0;29;37;247;113;21;89;3;t0413;2021-12-29
kujawsko-pomorskie;œwiecki;36;3.64;2;0;2;72;53;600;281;38;237;6;t0414;2021-12-29
kujawsko-pomorskie;toruñski;41;3.76;3;1;2;98;66;594;264;43;218;3;t0415;2021-12-29
kujawsko-pomorskie;tucholski;24;4.97;1;0;1;23;33;376;141;34;103;4;t0416;2021-12-29
kujawsko-pomorskie;w¹brzeski;6;1.76;0;0;0;20;24;168;47;7;40;0;t0417;2021-12-29
kujawsko-pomorskie;w³oc³awski;39;4.54;3;0;3;49;24;477;126;40;84;2;t0418;2021-12-29
kujawsko-pomorskie;¿niñski;22;3.14;1;0;1;46;20;354;241;32;203;6;t0419;2021-12-29
kujawsko-pomorskie;Bydgoszcz;140;4.04;8;1;7;251;207;1936;890;165;704;21;t0461;2021-12-29
kujawsko-pomorskie;Grudzi¹dz;40;4.25;8;7;1;86;36;489;236;42;191;3;t0462;2021-12-29
kujawsko-pomorskie;Toruñ;73;3.63;11;5;6;142;112;996;542;76;463;3;t0463;2021-12-29
kujawsko-pomorskie;W³oc³awek;18;1.65;4;0;4;67;45;469;151;20;130;1;t0464;2021-12-29
lubelskie;bialski;15;1.36;7;2;5;37;10;285;211;17;193;1;t0601;2021-12-29
lubelskie;bi³gorajski;17;1.69;1;0;1;37;28;286;168;19;149;0;t0602;2021-12-29
lubelskie;che³mski;12;1.54;0;0;0;39;9;271;120;14;105;1;t0603;2021-12-29
lubelskie;hrubieszowski;15;2.40;3;0;3;29;27;205;89;16;73;0;t0604;2021-12-29
lubelskie;janowski;9;1.98;0;0;0;32;13;160;118;10;107;1;t0605;2021-12-29
lubelskie;krasnostawski;13;2.07;2;0;2;24;12;199;109;15;92;2;t0606;2021-12-29
lubelskie;kraœnicki;10;1.05;1;0;1;36;17;178;152;10;142;0;t0607;2021-12-29
lubelskie;lubartowski;14;1.59;1;1;0;47;2;254;167;17;150;0;t0608;2021-12-29
lubelskie;lubelski;36;2.31;2;2;0;111;59;768;326;41;283;2;t0609;2021-12-29
lubelskie;³êczyñski;10;1.75;1;0;1;49;16;264;122;10;112;0;t0610;2021-12-29
lubelskie;³ukowski;17;1.59;0;0;0;31;15;302;171;19;151;1;t0611;2021-12-29
lubelskie;opolski;8;1.36;1;0;1;17;10;121;77;9;68;0;t0612;2021-12-29
lubelskie;parczewski;0;0;0;0;0;19;2;80;49;1;48;0;t0613;2021-12-29
lubelskie;pu³awski;32;2.84;3;1;2;112;21;422;257;33;224;0;t0614;2021-12-29
lubelskie;radzyñski;6;1.02;0;0;0;12;6;121;103;6;97;0;t0615;2021-12-29
lubelskie;rycki;17;3.04;0;0;0;55;11;267;123;17;100;6;t0616;2021-12-29
lubelskie;œwidnicki;23;3.21;0;0;0;84;18;288;152;28;123;1;t0617;2021-12-29
lubelskie;tomaszowski;10;1.21;1;0;1;35;26;262;99;11;87;1;t0618;2021-12-29
lubelskie;w³odawski;1;0.26;0;0;0;21;1;68;77;1;76;0;t0619;2021-12-29
lubelskie;zamojski;26;2.46;2;0;2;52;32;412;168;27;139;2;t0620;2021-12-29
lubelskie;Bia³a Podlaska;15;2.62;1;0;1;34;8;140;175;17;158;0;t0661;2021-12-29
lubelskie;Che³m;12;1.95;0;0;0;49;22;277;139;13;126;0;t0662;2021-12-29
lubelskie;Lublin;104;3.06;5;1;4;313;140;1462;965;108;853;4;t0663;2021-12-29
lubelskie;Zamoœæ;20;3.16;2;0;2;38;22;240;125;20;101;4;t0664;2021-12-29
lubuskie;gorzowski;30;4.16;1;0;1;40;46;490;148;34;109;5;t0801;2021-12-29
lubuskie;kroœnieñski;29;5.30;0;0;0;45;13;487;118;31;87;0;t0802;2021-12-29
lubuskie;miêdzyrzecki;31;5.40;2;2;0;40;21;459;159;34;124;1;t0803;2021-12-29
lubuskie;nowosolski;44;5.12;1;1;0;57;46;610;282;44;237;1;t0804;2021-12-29
lubuskie;s³ubicki;19;4.05;0;0;0;31;17;355;112;22;89;1;t0805;2021-12-29
lubuskie;strzelecko-drezdenecki;27;5.53;3;2;1;33;7;276;124;34;89;1;t0806;2021-12-29
lubuskie;sulêciñski;12;3.42;2;2;0;26;20;348;97;21;76;0;t0807;2021-12-29
lubuskie;œwiebodziñski;33;5.93;1;1;0;56;42;587;169;33;136;0;t0808;2021-12-29
lubuskie;zielonogórski;41;5.42;0;0;0;52;28;585;189;47;142;0;t0809;2021-12-29
lubuskie;¿agañski;24;3.05;1;0;1;60;10;374;146;25;113;8;t0810;2021-12-29
lubuskie;¿arski;37;3.86;1;1;0;54;21;496;202;39;159;4;t0811;2021-12-29
lubuskie;wschowski;6;1.55;0;0;0;11;9;115;48;6;42;0;t0812;2021-12-29
lubuskie;Gorzów Wielkopolski;44;3.57;3;0;3;68;73;662;264;50;209;5;t0861;2021-12-29
lubuskie;Zielona Góra;57;4.03;0;0;0;111;62;953;395;61;330;4;t0862;2021-12-29
³ódzkie;be³chatowski;39;3.46;5;0;5;64;49;632;235;42;190;3;t1001;2021-12-29
³ódzkie;kutnowski;38;3.95;0;0;0;62;23;398;207;41;163;3;t1002;2021-12-29
³ódzkie;³aski;9;1.81;0;0;0;19;19;255;82;9;73;0;t1003;2021-12-29
³ódzkie;³êczycki;21;4.24;1;0;1;41;23;297;203;22;179;2;t1004;2021-12-29
³ódzkie;³owicki;31;3.98;0;0;0;45;40;373;155;37;118;0;t1005;2021-12-29
³ódzkie;³ódzki wschodni;30;4.14;2;2;0;59;36;403;208;36;168;4;t1006;2021-12-29
³ódzkie;opoczyñski;11;1.45;0;0;0;45;9;233;141;18;122;1;t1007;2021-12-29
³ódzkie;pabianicki;48;4.03;6;0;6;96;44;648;378;55;320;3;t1008;2021-12-29
³ódzkie;pajêczañski;16;3.13;2;0;2;32;21;319;108;24;83;1;t1009;2021-12-29
³ódzkie;piotrkowski;22;2.41;0;0;0;43;33;535;231;27;204;0;t1010;2021-12-29
³ódzkie;poddêbicki;2;0.49;1;0;1;12;15;182;45;2;43;0;t1011;2021-12-29
³ódzkie;radomszczañski;53;4.72;2;0;2;70;33;602;272;58;209;5;t1012;2021-12-29
³ódzkie;rawski;17;3.50;0;0;0;33;10;291;119;19;97;3;t1013;2021-12-29
³ódzkie;sieradzki;41;3.49;1;0;1;61;38;538;198;43;154;1;t1014;2021-12-29
³ódzkie;skierniewicki;4;1.05;0;0;0;14;18;193;47;4;43;0;t1015;2021-12-29
³ódzkie;tomaszowski;30;2.58;1;0;1;57;34;493;261;35;225;1;t1016;2021-12-29
³ódzkie;wieluñski;24;3.15;0;0;0;52;34;531;233;42;187;4;t1017;2021-12-29
³ódzkie;wieruszowski;8;1.90;0;0;0;13;2;158;50;10;39;1;t1018;2021-12-29
³ódzkie;zduñskowolski;27;4.08;1;0;1;49;35;347;155;31;124;0;t1019;2021-12-29
³ódzkie;zgierski;60;3.61;3;0;3;111;90;1035;401;63;336;2;t1020;2021-12-29
³ódzkie;brzeziñski;10;3.25;0;0;0;20;14;178;69;11;57;1;t1021;2021-12-29
³ódzkie;£ódŸ;285;4.21;9;8;1;619;380;4012;2354;323;2008;23;t1061;2021-12-29
³ódzkie;Piotrków Trybunalski;16;2.20;1;1;0;31;32;269;202;16;184;2;t1062;2021-12-29
³ódzkie;Skierniewice;9;1.88;1;1;0;52;24;307;94;11;83;0;t1063;2021-12-29
ma³opolskie;bocheñski;41;3.83;0;0;0;76;17;619;188;45;134;9;t1201;2021-12-29
ma³opolskie;brzeski;31;3.33;0;0;0;50;25;381;186;33;153;0;t1202;2021-12-29
ma³opolskie;chrzanowski;20;1.61;2;2;0;92;66;811;242;21;217;4;t1203;2021-12-29
ma³opolskie;d¹browski;30;5.07;1;1;0;21;22;250;107;32;74;1;t1204;2021-12-29
ma³opolskie;gorlicki;21;1.93;1;0;1;40;16;480;153;22;126;5;t1205;2021-12-29
ma³opolskie;krakowski;196;6.99;4;1;3;232;92;2375;941;211;708;22;t1206;2021-12-29
ma³opolskie;limanowski;17;1.29;2;1;1;57;32;486;188;21;162;5;t1207;2021-12-29
ma³opolskie;miechowski;20;4.11;3;3;0;46;15;312;80;23;56;1;t1208;2021-12-29
ma³opolskie;myœlenicki;39;3.05;1;0;1;61;45;755;190;40;146;4;t1209;2021-12-29
ma³opolskie;nowos¹decki;54;2.49;6;6;0;69;53;740;332;56;272;4;t1210;2021-12-29
ma³opolskie;nowotarski;37;1.93;5;1;4;71;34;449;279;42;223;14;t1211;2021-12-29
ma³opolskie;olkuski;66;5.95;1;0;1;102;38;786;242;69;169;4;t1212;2021-12-29
ma³opolskie;oœwiêcimski;46;3.00;8;0;8;93;44;923;265;47;217;1;t1213;2021-12-29
ma³opolskie;proszowicki;20;4.63;1;0;1;40;8;302;77;22;54;1;t1214;2021-12-29
ma³opolskie;suski;29;3.44;1;0;1;48;30;436;214;35;174;5;t1215;2021-12-29
ma³opolskie;tarnowski;57;2.83;0;0;0;88;27;916;331;69;260;2;t1216;2021-12-29
ma³opolskie;tatrzañski;11;1.61;2;1;1;15;4;266;128;13;112;3;t1217;2021-12-29
ma³opolskie;wadowicki;54;3.38;4;0;4;96;39;882;277;58;214;5;t1218;2021-12-29
ma³opolskie;wielicki;64;4.92;2;2;0;94;58;1064;320;69;238;13;t1219;2021-12-29
ma³opolskie;Kraków;631;8.08;12;4;8;723;366;5789;3147;694;2395;58;t1261;2021-12-29
ma³opolskie;Nowy S¹cz;31;3.70;4;2;2;40;26;307;167;36;124;7;t1262;2021-12-29
ma³opolskie;Tarnów;40;3.70;0;0;0;57;28;455;256;47;200;9;t1263;2021-12-29
mazowieckie;bia³obrzeski;8;2.40;0;0;0;32;2;166;45;9;36;0;t1401;2021-12-29
mazowieckie;ciechanowski;23;2.58;0;0;0;63;38;476;182;27;153;2;t1402;2021-12-29
mazowieckie;garwoliñski;19;1.74;0;0;0;52;12;452;239;23;215;1;t1403;2021-12-29
mazowieckie;gostyniñski;6;1.34;0;0;0;28;9;225;100;8;90;2;t1404;2021-12-29
mazowieckie;grodziski;50;5.17;0;0;0;89;67;792;330;53;276;1;t1405;2021-12-29
mazowieckie;grójecki;29;2.95;2;1;1;59;19;923;191;33;155;3;t1406;2021-12-29
mazowieckie;kozienicki;8;1.34;5;0;5;33;8;322;109;10;99;0;t1407;2021-12-29
mazowieckie;legionowski;76;6.37;1;1;0;103;41;992;405;88;311;6;t1408;2021-12-29
mazowieckie;lipski;9;2.67;1;0;1;20;2;87;63;11;50;2;t1409;2021-12-29
mazowieckie;³osicki;6;1.96;0;0;0;7;2;91;68;7;61;0;t1410;2021-12-29
mazowieckie;makowski;4;0.90;2;2;0;21;8;185;49;4;45;0;t1411;2021-12-29
mazowieckie;miñski;64;4.13;3;3;0;112;46;1018;349;75;265;9;t1412;2021-12-29
mazowieckie;m³awski;10;1.38;2;0;2;37;11;437;121;13;106;2;t1413;2021-12-29
mazowieckie;nowodworski;35;4.41;2;2;0;49;47;582;196;39;155;2;t1414;2021-12-29
mazowieckie;ostro³êcki;11;1.24;0;0;0;28;15;307;75;12;63;0;t1415;2021-12-29
mazowieckie;ostrowski;7;0.97;0;0;0;24;15;194;87;8;79;0;t1416;2021-12-29
mazowieckie;otwocki;61;4.90;0;0;0;114;69;822;341;69;270;2;t1417;2021-12-29
mazowieckie;piaseczyñski;104;5.49;0;0;0;124;62;1580;692;109;574;9;t1418;2021-12-29
mazowieckie;p³ocki;43;3.88;1;1;0;66;33;521;230;46;180;4;t1419;2021-12-29
mazowieckie;p³oñski;17;1.96;0;0;0;36;29;412;182;21;160;1;t1420;2021-12-29
mazowieckie;pruszkowski;60;3.60;2;1;1;126;47;1302;500;68;429;3;t1421;2021-12-29
mazowieckie;przasnyski;2;0.38;2;0;2;26;20;249;39;2;37;0;t1422;2021-12-29
mazowieckie;przysuski;8;1.93;0;0;0;21;2;162;73;9;61;3;t1423;2021-12-29
mazowieckie;pu³tuski;10;1.93;0;0;0;33;7;368;86;10;75;1;t1424;2021-12-29
mazowieckie;radomski;27;1.77;0;0;0;71;27;725;247;30;213;4;t1425;2021-12-29
mazowieckie;siedlecki;7;0.86;1;0;1;20;21;402;107;10;97;0;t1426;2021-12-29
mazowieckie;sierpecki;10;1.93;0;0;0;47;17;263;104;11;93;0;t1427;2021-12-29
mazowieckie;sochaczewski;37;4.35;0;0;0;130;40;780;268;43;221;4;t1428;2021-12-29
mazowieckie;soko³owski;7;1.31;0;0;0;17;4;181;75;9;66;0;t1429;2021-12-29
mazowieckie;szyd³owiecki;6;1.52;0;0;0;24;1;143;61;7;53;1;t1430;2021-12-29
mazowieckie;warszawski zachodni;47;3.93;2;2;0;105;54;996;372;55;312;5;t1432;2021-12-29
mazowieckie;wêgrowski;9;1.37;2;0;2;29;10;185;93;9;81;3;t1433;2021-12-29
mazowieckie;wo³omiñski;82;3.26;5;0;5;165;89;1708;543;88;443;12;t1434;2021-12-29
mazowieckie;wyszkowski;24;3.23;2;1;1;54;16;355;122;27;91;4;t1435;2021-12-29
mazowieckie;zwoleñski;3;0.83;1;0;1;18;4;158;44;4;39;1;t1436;2021-12-29
mazowieckie;¿uromiñski;10;2.61;0;0;0;23;6;201;93;10;83;0;t1437;2021-12-29
mazowieckie;¿yrardowski;13;1.72;1;1;0;54;16;487;177;15;159;3;t1438;2021-12-29
mazowieckie;Ostro³êka;4;0.77;0;0;0;24;10;138;76;5;68;3;t1461;2021-12-29
mazowieckie;P³ock;32;2.69;4;3;1;90;50;581;282;43;235;4;t1462;2021-12-29
mazowieckie;Radom;47;2.23;0;0;0;97;52;759;409;51;350;8;t1463;2021-12-29
mazowieckie;Siedlce;15;1.92;2;0;2;35;21;247;134;17;117;0;t1464;2021-12-29
mazowieckie;Warszawa;832;4.64;35;0;35;1061;957;12999;6451;933;5433;85;t1465;2021-12-29
opolskie;brzeski;36;4.02;10;4;6;67;27;651;189;41;140;8;t1601;2021-12-29
opolskie;g³ubczycki;28;6.18;1;0;1;40;12;285;138;32;101;5;t1602;2021-12-29
opolskie;kêdzierzyñsko-kozielski;47;5.02;1;1;0;65;97;790;184;53;128;3;t1603;2021-12-29
opolskie;kluczborski;24;3.68;1;0;1;35;21;376;130;25;102;3;t1604;2021-12-29
opolskie;krapkowicki;45;7.08;1;0;1;39;28;371;186;49;137;0;t1605;2021-12-29
opolskie;namys³owski;29;6.79;0;0;0;33;9;408;107;32;73;2;t1606;2021-12-29
opolskie;nyski;60;4.43;4;1;3;69;35;749;367;66;295;6;t1607;2021-12-29
opolskie;oleski;28;4.36;1;0;1;34;17;436;139;28;111;0;t1608;2021-12-29
opolskie;opolski;54;4.36;14;1;13;79;53;954;309;58;245;6;t1609;2021-12-29
opolskie;prudnicki;22;3.99;0;0;0;49;29;417;98;26;70;2;t1610;2021-12-29
opolskie;strzelecki;71;9.57;0;0;0;58;19;520;248;72;170;6;t1611;2021-12-29
opolskie;Opole;98;7.66;7;0;7;106;55;1225;480;103;375;2;t1661;2021-12-29
podkarpackie;bieszczadzki;15;6.95;1;0;1;10;11;86;81;15;64;2;t1801;2021-12-29
podkarpackie;brzozowski;10;1.53;0;0;0;18;5;226;114;13;100;1;t1802;2021-12-29
podkarpackie;dêbicki;30;2.22;1;0;1;88;40;810;269;32;237;0;t1803;2021-12-29
podkarpackie;jaros³awski;15;1.25;0;0;0;57;22;505;250;16;234;0;t1804;2021-12-29
podkarpackie;jasielski;16;1.41;1;0;1;38;23;473;184;18;165;1;t1805;2021-12-29
podkarpackie;kolbuszowski;16;2.57;0;0;0;26;11;229;105;19;85;1;t1806;2021-12-29
podkarpackie;kroœnieñski;17;1.52;2;1;1;42;17;371;183;20;161;2;t1807;2021-12-29
podkarpackie;le¿ajski;19;2.74;1;0;1;18;23;233;143;20;121;2;t1808;2021-12-29
podkarpackie;lubaczowski;12;2.18;2;1;1;23;5;183;109;13;96;0;t1809;2021-12-29
podkarpackie;³añcucki;29;3.57;3;0;3;33;23;421;169;31;136;2;t1810;2021-12-29
podkarpackie;mielecki;36;2.63;0;0;0;73;37;725;242;42;199;1;t1811;2021-12-29
podkarpackie;ni¿añski;30;4.52;0;0;0;31;9;244;157;31;126;0;t1812;2021-12-29
podkarpackie;przemyski;7;0.95;0;0;0;26;18;260;154;9;144;1;t1813;2021-12-29
podkarpackie;przeworski;6;0.77;0;0;0;25;11;311;142;8;133;1;t1814;2021-12-29
podkarpackie;ropczycko-sêdziszowski;12;1.61;5;0;5;29;5;269;106;12;94;0;t1815;2021-12-29
podkarpackie;rzeszowski;44;2.59;4;1;3;68;31;669;330;48;282;0;t1816;2021-12-29
podkarpackie;sanocki;13;1.38;0;0;0;50;32;417;159;17;142;0;t1817;2021-12-29
podkarpackie;stalowowolski;10;0.94;4;0;4;34;25;302;174;14;160;0;t1818;2021-12-29
podkarpackie;strzy¿owski;6;0.98;0;0;0;16;17;241;95;7;88;0;t1819;2021-12-29
podkarpackie;tarnobrzeski;16;3.03;0;0;0;19;18;214;94;17;77;0;t1820;2021-12-29
podkarpackie;leski;12;4.54;0;0;0;11;9;147;57;14;42;1;t1821;2021-12-29
podkarpackie;Krosno;5;1.08;0;0;0;15;7;142;102;6;93;3;t1861;2021-12-29
podkarpackie;Przemyœl;10;1.65;0;0;0;24;10;252;128;12;115;1;t1862;2021-12-29
podkarpackie;Rzeszów;59;3.00;6;2;4;128;74;814;512;69;441;2;t1863;2021-12-29
podkarpackie;Tarnobrzeg;21;4.51;0;0;0;38;16;187;114;24;89;1;t1864;2021-12-29
podlaskie;augustowski;10;1.73;1;1;0;20;10;134;97;12;84;1;t2001;2021-12-29
podlaskie;bia³ostocki;17;1.13;0;0;0;74;36;601;305;21;281;3;t2002;2021-12-29
podlaskie;bielski;12;2.22;3;0;3;28;13;164;89;13;76;0;t2003;2021-12-29
podlaskie;grajewski;17;3.61;0;0;0;9;2;149;80;19;61;0;t2004;2021-12-29
podlaskie;hajnowski;5;1.18;1;0;1;17;8;86;75;6;69;0;t2005;2021-12-29
podlaskie;kolneñski;1;0.26;0;0;0;18;4;114;42;2;40;0;t2006;2021-12-29
podlaskie;³om¿yñski;5;0.98;2;0;2;17;6;163;61;5;55;1;t2007;2021-12-29
podlaskie;moniecki;5;1.24;0;0;0;20;2;97;56;6;50;0;t2008;2021-12-29
podlaskie;sejneñski;1;0.50;0;0;0;3;5;57;16;1;15;0;t2009;2021-12-29
podlaskie;siemiatycki;2;0.46;1;0;1;11;12;139;48;2;46;0;t2010;2021-12-29
podlaskie;sokólski;10;1.51;1;1;0;19;9;208;81;11;68;2;t2011;2021-12-29
podlaskie;suwalski;6;1.69;0;0;0;13;12;155;55;6;49;0;t2012;2021-12-29
podlaskie;wysokomazowiecki;4;0.71;4;0;4;10;2;170;63;4;59;0;t2013;2021-12-29
podlaskie;zambrowski;3;0.69;2;0;2;16;7;123;67;4;63;0;t2014;2021-12-29
podlaskie;Bia³ystok;44;1.48;1;0;1;232;67;992;639;49;589;1;t2061;2021-12-29
podlaskie;£om¿a;14;2.23;4;0;4;28;8;159;101;15;85;1;t2062;2021-12-29
podlaskie;Suwa³ki;13;1.86;1;0;1;20;19;200;139;15;124;0;t2063;2021-12-29
pomorskie;bytowski;25;3.16;1;0;1;44;19;318;179;29;145;5;t2201;2021-12-29
pomorskie;chojnicki;36;3.69;4;1;3;104;56;644;203;39;157;7;t2202;2021-12-29
pomorskie;cz³uchowski;24;4.29;0;0;0;38;27;313;139;26;109;4;t2203;2021-12-29
pomorskie;gdañski;46;3.85;1;0;1;97;35;1163;352;51;288;13;t2204;2021-12-29
pomorskie;kartuski;43;3.05;2;1;1;86;35;1023;317;50;262;5;t2205;2021-12-29
pomorskie;koœcierski;17;2.33;2;0;2;30;29;345;176;21;152;3;t2206;2021-12-29
pomorskie;kwidzyñski;41;4.94;10;1;9;52;45;534;209;43;163;3;t2207;2021-12-29
pomorskie;lêborski;26;3.94;4;0;4;44;13;321;182;27;149;6;t2208;2021-12-29
pomorskie;malborski;15;2.37;3;1;2;53;18;305;164;15;147;2;t2209;2021-12-29
pomorskie;nowodworski;20;5.64;3;1;2;36;6;219;89;22;67;0;t2210;2021-12-29
pomorskie;pucki;25;2.87;1;0;1;47;45;729;153;26;124;3;t2211;2021-12-29
pomorskie;s³upski;27;2.73;0;0;0;28;22;430;211;32;174;5;t2212;2021-12-29
pomorskie;starogardzki;74;5.77;0;0;0;79;35;871;341;79;258;4;t2213;2021-12-29
pomorskie;tczewski;39;3.37;0;0;0;94;65;592;282;44;235;3;t2214;2021-12-29
pomorskie;wejherowski;69;3.15;1;0;1;187;73;1360;573;76;490;7;t2215;2021-12-29
pomorskie;sztumski;26;6.32;2;0;2;21;8;227;115;28;86;1;t2216;2021-12-29
pomorskie;Gdañsk;298;6.32;0;0;0;477;278;3685;1697;337;1318;42;t2261;2021-12-29
pomorskie;Gdynia;117;4.76;6;2;4;219;159;1608;764;126;615;23;t2262;2021-12-29
pomorskie;S³upsk;19;2.10;0;0;0;50;33;449;231;20;209;2;t2263;2021-12-29
pomorskie;Sopot;18;5.06;0;0;0;25;21;171;145;22;118;5;t2264;2021-12-29
œl¹skie;bêdziñski;63;4.26;2;0;2;127;75;882;360;68;289;3;t2401;2021-12-29
œl¹skie;bielski;70;4.21;3;0;3;145;88;1171;351;73;271;7;t2402;2021-12-29
œl¹skie;cieszyñski;49;2.75;1;0;1;101;44;950;400;59;334;7;t2403;2021-12-29
œl¹skie;czêstochowski;46;3.42;2;2;0;53;37;593;180;49;127;4;t2404;2021-12-29
œl¹skie;gliwicki;42;3.64;0;0;0;77;38;700;284;51;228;5;t2405;2021-12-29
œl¹skie;k³obucki;9;1.07;1;0;1;38;21;496;111;10;100;1;t2406;2021-12-29
œl¹skie;lubliniecki;45;5.90;3;1;2;63;21;555;293;57;232;4;t2407;2021-12-29
œl¹skie;miko³owski;52;5.24;1;0;1;67;36;787;247;57;187;3;t2408;2021-12-29
œl¹skie;myszkowski;45;6.36;2;0;2;60;13;349;182;49;132;1;t2409;2021-12-29
œl¹skie;pszczyñski;53;4.75;2;0;2;136;41;758;266;58;206;2;t2410;2021-12-29
œl¹skie;raciborski;46;4.26;0;0;0;52;23;527;256;51;199;6;t2411;2021-12-29
œl¹skie;rybnicki;54;6.90;2;0;2;50;31;489;197;60;135;2;t2412;2021-12-29
œl¹skie;tarnogórski;83;5.89;3;0;3;110;46;1027;458;93;358;7;t2413;2021-12-29
œl¹skie;bieruñsko-lêdziñski;12;2.00;1;0;1;33;32;422;109;14;93;2;t2414;2021-12-29
œl¹skie;wodzis³awski;67;4.27;2;2;0;82;40;775;486;98;375;13;t2415;2021-12-29
œl¹skie;zawierciañski;40;3.41;3;0;3;74;40;585;204;40;161;3;t2416;2021-12-29
œl¹skie;¿ywiecki;49;3.21;3;0;3;74;24;846;359;57;299;3;t2417;2021-12-29
œl¹skie;Bielsko-Bia³a;97;5.70;3;0;3;133;86;1059;525;101;420;4;t2461;2021-12-29
œl¹skie;Bytom;62;3.77;5;0;5;125;41;872;382;65;308;9;t2462;2021-12-29
œl¹skie;Chorzów;61;5.68;5;0;5;87;40;654;318;69;244;5;t2463;2021-12-29
œl¹skie;Czêstochowa;61;2.78;1;1;0;101;78;1029;481;71;403;7;t2464;2021-12-29
œl¹skie;D¹browa Górnicza;76;6.39;0;0;0;122;30;799;390;82;305;3;t2465;2021-12-29
œl¹skie;Gliwice;83;4.66;0;0;0;134;101;988;505;91;412;2;t2466;2021-12-29
œl¹skie;Jastrzêbie-Zdrój;52;5.88;7;7;0;69;30;542;260;55;198;7;t2467;2021-12-29
œl¹skie;Jaworzno;33;3.64;1;0;1;64;15;473;201;35;164;2;t2468;2021-12-29
œl¹skie;Katowice;148;5.07;6;1;5;217;156;1752;1022;186;825;11;t2469;2021-12-29
œl¹skie;Mys³owice;30;4.02;1;1;0;39;15;396;176;32;142;2;t2470;2021-12-29
œl¹skie;Piekary Œl¹skie;31;5.65;1;0;1;55;10;301;188;33;151;4;t2471;2021-12-29
œl¹skie;Ruda Œl¹ska;52;3.79;0;0;0;103;52;805;345;58;282;5;t2472;2021-12-29
œl¹skie;Rybnik;79;5.73;4;0;4;110;49;663;362;84;274;4;t2473;2021-12-29
œl¹skie;Siemianowice Œl¹skie;31;4.66;0;0;0;41;34;293;147;34;111;2;t2474;2021-12-29
œl¹skie;Sosnowiec;114;5.73;3;0;3;147;73;1093;532;114;412;6;t2475;2021-12-29
œl¹skie;Œwiêtoch³owice;27;5.47;0;0;0;43;24;309;180;28;150;2;t2476;2021-12-29
œl¹skie;Tychy;65;5.11;6;1;5;97;94;711;360;72;287;1;t2477;2021-12-29
œl¹skie;Zabrze;67;3.90;0;0;0;130;109;878;361;72;283;6;t2478;2021-12-29
œl¹skie;¯ory;30;4.79;1;0;1;47;10;489;150;32;117;1;t2479;2021-12-29
œwiêtokrzyskie;buski;14;1.96;2;1;1;39;17;353;120;19;99;2;t2601;2021-12-29
œwiêtokrzyskie;jêdrzejowski;17;2.00;2;0;2;37;16;331;135;18;116;1;t2602;2021-12-29
œwiêtokrzyskie;kazimierski;7;2.09;0;0;0;17;10;196;63;8;55;0;t2603;2021-12-29
œwiêtokrzyskie;kielecki;71;3.36;8;8;0;148;65;959;438;81;351;6;t2604;2021-12-29
œwiêtokrzyskie;konecki;18;2.26;0;0;0;38;14;371;138;21;115;2;t2605;2021-12-29
œwiêtokrzyskie;opatowski;7;1.35;3;0;3;19;16;220;81;10;69;2;t2606;2021-12-29
œwiêtokrzyskie;ostrowiecki;28;2.58;2;0;2;57;30;444;235;35;196;4;t2607;2021-12-29
œwiêtokrzyskie;piñczowski;5;1.29;1;0;1;15;13;143;67;6;61;0;t2608;2021-12-29
œwiêtokrzyskie;sandomierski;32;4.17;0;0;0;54;18;348;179;42;135;2;t2609;2021-12-29
œwiêtokrzyskie;skar¿yski;17;2.31;4;1;3;51;12;253;119;17;99;3;t2610;2021-12-29
œwiêtokrzyskie;starachowicki;20;2.24;5;2;3;56;25;372;157;21;133;3;t2611;2021-12-29
œwiêtokrzyskie;staszowski;22;3.07;0;0;0;39;18;348;114;28;84;2;t2612;2021-12-29
œwiêtokrzyskie;w³oszczowski;14;3.12;1;1;0;30;6;249;73;14;55;4;t2613;2021-12-29
œwiêtokrzyskie;Kielce;62;3.19;8;7;1;136;70;794;436;66;359;11;t2661;2021-12-29
warmiñsko-mazurskie;bartoszycki;36;6.33;3;1;2;53;20;406;149;39;93;17;t2801;2021-12-29
warmiñsko-mazurskie;braniewski;10;2.44;3;0;3;23;19;234;51;14;35;2;t2802;2021-12-29
warmiñsko-mazurskie;dzia³dowski;10;1.54;0;0;0;38;14;220;141;12;129;0;t2803;2021-12-29
warmiñsko-mazurskie;elbl¹ski;23;4.03;1;0;1;43;6;248;106;24;78;4;t2804;2021-12-29
warmiñsko-mazurskie;e³cki;18;1.96;1;0;1;44;35;328;163;21;142;0;t2805;2021-12-29
warmiñsko-mazurskie;gi¿ycki;27;4.78;0;0;0;59;29;328;154;30;123;1;t2806;2021-12-29
warmiñsko-mazurskie;i³awski;30;3.23;0;0;0;75;34;487;171;36;132;3;t2807;2021-12-29
warmiñsko-mazurskie;kêtrzyñski;23;3.71;4;1;3;41;25;302;129;27;101;1;t2808;2021-12-29
warmiñsko-mazurskie;lidzbarski;16;3.90;4;0;4;30;22;152;78;19;59;0;t2809;2021-12-29
warmiñsko-mazurskie;mr¹gowski;13;2.62;1;1;0;27;17;267;93;14;78;1;t2810;2021-12-29
warmiñsko-mazurskie;nidzicki;12;3.66;1;1;0;37;9;205;76;15;61;0;t2811;2021-12-29
warmiñsko-mazurskie;nowomiejski;18;4.11;0;0;0;34;4;218;71;19;52;0;t2812;2021-12-29
warmiñsko-mazurskie;olecki;2;0.59;0;0;0;10;11;132;38;2;36;0;t2813;2021-12-29
warmiñsko-mazurskie;olsztyñski;41;3.22;2;2;0;84;83;723;292;47;244;1;t2814;2021-12-29
warmiñsko-mazurskie;ostródzki;54;5.20;2;0;2;79;42;690;300;57;243;0;t2815;2021-12-29
warmiñsko-mazurskie;piski;12;2.14;0;0;0;44;19;274;94;14;78;2;t2816;2021-12-29
warmiñsko-mazurskie;szczycieñski;31;4.48;0;0;0;62;31;385;158;31;127;0;t2817;2021-12-29
warmiñsko-mazurskie;go³dapski;0;0;0;0;0;15;12;86;28;1;27;0;t2818;2021-12-29
warmiñsko-mazurskie;wêgorzewski;5;2.22;0;0;0;15;15;154;57;5;51;1;t2819;2021-12-29
warmiñsko-mazurskie;Elbl¹g;48;4.03;6;0;6;74;43;423;265;50;211;4;t2861;2021-12-29
warmiñsko-mazurskie;Olsztyn;64;3.72;3;3;0;142;116;798;474;68;405;1;t2862;2021-12-29
wielkopolskie;chodzieski;16;3.41;0;0;0;38;19;283;81;20;59;2;t3001;2021-12-29
wielkopolskie;czarnkowsko-trzcianecki;4;0.46;1;0;1;44;29;525;108;4;104;0;t3002;2021-12-29
wielkopolskie;gnieŸnieñski;55;3.78;6;2;4;98;26;923;243;56;185;2;t3003;2021-12-29
wielkopolskie;gostyñski;13;1.71;1;0;1;25;29;318;91;15;73;3;t3004;2021-12-29
wielkopolskie;grodziski;7;1.35;0;0;0;26;15;316;58;8;48;2;t3005;2021-12-29
wielkopolskie;jarociñski;20;2.80;1;0;1;48;16;343;123;22;99;2;t3006;2021-12-29
wielkopolskie;kaliski;19;2.29;0;0;0;34;24;494;119;21;93;5;t3007;2021-12-29
wielkopolskie;kêpiñski;13;2.30;0;0;0;31;19;407;92;16;75;1;t3008;2021-12-29
wielkopolskie;kolski;20;2.31;0;0;0;48;16;417;104;20;83;1;t3009;2021-12-29
wielkopolskie;koniñski;20;1.54;2;1;1;63;37;647;168;22;142;4;t3010;2021-12-29
wielkopolskie;koœciañski;5;0.63;5;2;3;75;40;639;112;5;107;0;t3011;2021-12-29
wielkopolskie;krotoszyñski;33;4.28;1;0;1;78;35;489;142;33;106;3;t3012;2021-12-29
wielkopolskie;leszczyñski;21;3.65;3;1;2;48;26;295;89;23;66;0;t3013;2021-12-29
wielkopolskie;miêdzychodzki;21;5.72;0;0;0;16;19;210;71;21;50;0;t3014;2021-12-29
wielkopolskie;nowotomyski;21;2.78;2;0;2;61;50;610;136;21;110;5;t3015;2021-12-29
wielkopolskie;obornicki;49;8.19;0;0;0;50;43;433;163;53;103;7;t3016;2021-12-29
wielkopolskie;ostrowski;49;3.03;0;0;0;67;31;838;245;55;188;2;t3017;2021-12-29
wielkopolskie;ostrzeszowski;8;1.44;3;0;3;20;5;337;78;8;70;0;t3018;2021-12-29
wielkopolskie;pilski;44;3.24;4;2;2;111;56;727;232;50;177;5;t3019;2021-12-29
wielkopolskie;pleszewski;23;3.65;1;1;0;36;22;280;99;23;70;6;t3020;2021-12-29
wielkopolskie;poznañski;201;4.98;9;1;8;406;283;3707;1221;220;989;12;t3021;2021-12-29
wielkopolskie;rawicki;31;5.15;1;0;1;60;28;338;130;31;99;0;t3022;2021-12-29
wielkopolskie;s³upecki;26;4.40;0;0;0;41;33;387;85;32;51;2;t3023;2021-12-29
wielkopolskie;szamotulski;41;4.47;6;1;5;103;47;746;215;46;166;3;t3024;2021-12-29
wielkopolskie;œredzki;31;5.25;0;0;0;74;50;587;151;32;118;1;t3025;2021-12-29
wielkopolskie;œremski;25;4.07;4;1;3;54;46;538;146;27;113;6;t3026;2021-12-29
wielkopolskie;turecki;15;1.79;3;2;1;21;13;308;126;15;110;1;t3027;2021-12-29
wielkopolskie;w¹growiecki;21;2.99;1;0;1;51;26;419;107;25;81;1;t3028;2021-12-29
wielkopolskie;wolsztyñski;5;0.87;0;0;0;23;18;298;78;6;72;0;t3029;2021-12-29
wielkopolskie;wrzesiñski;29;3.71;0;0;0;55;13;602;143;32;111;0;t3030;2021-12-29
wielkopolskie;z³otowski;14;2.02;0;0;0;87;20;488;105;17;87;1;t3031;2021-12-29
wielkopolskie;Kalisz;25;2.51;1;0;1;61;29;516;160;29;129;2;t3061;2021-12-29
wielkopolskie;Konin;19;2.60;4;2;2;61;19;383;134;19;114;1;t3062;2021-12-29
wielkopolskie;Leszno;7;1.11;2;1;1;46;34;344;118;7;111;0;t3063;2021-12-29
wielkopolskie;Poznañ;324;6.07;20;4;16;577;415;4181;2044;354;1658;32;t3064;2021-12-29
zachodniopomorskie;bia³ogardzki;17;3.58;0;0;0;30;15;213;91;19;69;3;t3201;2021-12-29
zachodniopomorskie;choszczeñski;15;3.12;0;0;0;17;24;241;81;15;63;3;t3202;2021-12-29
zachodniopomorskie;drawski;18;3.17;1;0;1;28;28;265;123;18;104;1;t3203;2021-12-29
zachodniopomorskie;goleniowski;41;4.98;0;0;0;124;30;633;230;44;180;6;t3204;2021-12-29
zachodniopomorskie;gryficki;14;2.33;1;0;1;30;11;294;91;15;72;4;t3205;2021-12-29
zachodniopomorskie;gryfiñski;30;3.68;2;0;2;72;77;662;366;45;319;2;t3206;2021-12-29
zachodniopomorskie;kamieñski;23;4.91;0;0;0;32;33;283;83;24;59;0;t3207;2021-12-29
zachodniopomorskie;ko³obrzeski;29;3.65;2;0;2;46;37;413;167;31;136;0;t3208;2021-12-29
zachodniopomorskie;koszaliñski;29;4.36;1;0;1;46;14;377;135;32;103;0;t3209;2021-12-29
zachodniopomorskie;myœliborski;41;6.27;1;1;0;59;25;581;197;58;130;9;t3210;2021-12-29
zachodniopomorskie;policki;38;4.68;0;0;0;93;59;576;235;44;186;5;t3211;2021-12-29
zachodniopomorskie;pyrzycki;7;1.78;2;1;1;35;21;256;97;8;88;1;t3212;2021-12-29
zachodniopomorskie;s³awieñski;22;3.93;0;0;0;44;6;382;150;25;118;7;t3213;2021-12-29
zachodniopomorskie;stargardzki;63;5.24;0;0;0;125;83;902;275;73;195;7;t3214;2021-12-29
zachodniopomorskie;szczecinecki;25;3.23;0;0;0;56;37;311;151;27;123;1;t3215;2021-12-29
zachodniopomorskie;œwidwiñski;9;1.93;1;0;1;26;17;175;97;9;87;1;t3216;2021-12-29
zachodniopomorskie;wa³ecki;17;3.21;1;0;1;51;12;433;100;19;77;4;t3217;2021-12-29
zachodniopomorskie;³obeski;12;3.29;1;0;1;40;11;213;70;14;53;3;t3218;2021-12-29
zachodniopomorskie;Koszalin;44;4.12;6;2;4;83;17;683;276;50;225;1;t3261;2021-12-29
zachodniopomorskie;Szczecin;187;4.66;14;4;10;487;288;3033;1376;220;1140;16;t3262;2021-12-29
zachodniopomorskie;Œwinoujœcie;12;2.94;1;0;1;36;14;243;87;15;69;3;t3263;2021-12-29
