"","X","wojewodztwo","liczba_przypadkow","liczba_na_10_tys_mieszkancow","zgony","zgony_w_wyniku_covid_bez_chorob_wspolistniejacych","zgony_w_wyniku_covid_i_chorob_wspolistniejacych","liczba_zlecen_poz","liczba_osob_objetych_kwarantanna","liczba_wykonanych_testow","liczba_testow_z_wynikiem_pozytywnym","liczba_testow_z_wynikiem_negatywnym","liczba_pozostalych_testow","teryt","stan_rekordu_na","liczba_ozdrowiencow"
"1",1,"Cały kraj",10141,2.64,540,55,485,40085,348135,47540,11502,34425,1613,"t00","2020-11-23",NA
"2",18,"Cały kraj",15360,4,674,152,522,23488,341659,54288,16672,36105,1511,"t00","2020-11-24",NA
"3",35,"Cały kraj",16846,4.39,580,78,502,21671,345501,57120,18161,37467,1492,"t00","2020-11-25",NA
"4",52,"Cały kraj",17059,4.45,579,112,467,20906,345333,63763,18247,43628,1888,"t00","2020-11-26",NA
"5",69,"Cały kraj",15183,3.96,599,85,514,20924,332314,60368,16469,42242,1657,"t00","2020-11-27",NA
"6",86,"Cały kraj",11483,2.99,283,46,237,429,316146,37742,12276,24238,1228,"t00","2020-11-28",NA
"7",103,"Cały kraj",5734,1.5,121,21,100,319,294775,23174,6441,16016,717,"t00","2020-11-29",NA
"8",120,"Cały kraj",9066,2.36,449,68,381,32929,284156,44535,10522,32918,1095,"t00","2020-11-30",NA
"9",137,"Cały kraj",13870,3.62,609,89,520,20365,274769,55056,15171,38468,1417,"t00","2020-12-01",NA
"10",154,"Cały kraj",14838,3.87,620,109,511,18901,282408,64452,15979,46709,1764,"t00","2020-12-02",NA
"11",171,"Cały kraj",13230,3.45,531,110,421,17727,285534,56872,14757,40530,1585,"t00","2020-12-03",NA
"12",188,"Cały kraj",12430,3.24,502,104,398,17804,275582,65627,14323,49585,1719,"t00","2020-12-04",NA
"13",205,"Cały kraj",9175,2.39,228,42,186,441,254509,35869,10070,24633,1166,"t00","2020-12-05",NA
"14",222,"Cały kraj",4424,1.15,92,10,82,331,234065,20824,5103,15058,663,"t00","2020-12-06",NA
"15",239,"Cały kraj",8315,2.17,411,94,317,30246,231665,48586,10483,36901,1202,"t00","2020-12-07",NA
"16",256,"Cały kraj",12164,3.17,568,133,435,18088,225269,51537,13353,36964,1220,"t00","2020-12-08",NA
"17",273,"Cały kraj",13747,3.58,470,113,357,17279,232242,55051,14880,38673,1498,"t00","2020-12-09",NA
"18",290,"Cały kraj",13105,3.42,544,132,412,16962,235155,54978,14539,38840,1599,"t00","2020-12-10",NA
"19",307,"Cały kraj",11498,3,502,131,371,17178,227813,54829,13233,40286,1310,"t00","2020-12-11",NA
"20",324,"Cały kraj",8978,2.34,188,49,139,407,210836,37081,10132,25981,968,"t00","2020-12-12",NA
"21",341,"Cały kraj",4858,1.27,96,40,56,308,195342,24994,5944,18464,586,"t00","2020-12-13",NA
"22",358,"Cały kraj",6908,1.8,349,77,272,27615,193924,46647,8974,36805,868,"t00","2020-12-14",NA
"23",375,"Cały kraj",12447,3.25,605,155,450,17318,189322,54467,13646,39592,1229,"t00","2020-12-15",NA
"24",392,"Cały kraj",11953,3.12,431,93,338,16856,197652,51660,12979,37493,1188,"t00","2020-12-16",NA
"25",409,"Cały kraj",10992,2.87,426,122,304,16528,201353,48656,11925,35524,1207,"t00","2020-12-17",NA
"26",426,"Cały kraj",11261,2.94,483,108,375,17661,197565,49598,12241,36177,1180,"t00","2020-12-18",NA
"27",443,"Cały kraj",8593,2.24,143,39,104,656,185321,34297,9232,24187,878,"t00","2020-12-19",NA
"28",460,"Cały kraj",4633,1.21,77,34,43,443,172680,23918,6015,17341,562,"t00","2020-12-20",NA
"29",477,"Cały kraj",7190,1.87,309,72,237,27776,173475,40534,8497,31239,798,"t00","2020-12-21",NA
"30",494,"Cały kraj",12363,3.22,472,104,368,18698,174083,52412,13516,37728,1168,"t00","2020-12-22",NA
"31",511,"Cały kraj",13114,3.42,552,190,362,15080,188151,55581,14543,39730,1308,"t00","2020-12-23",8002
"32",528,"Cały kraj",9077,2.37,244,66,178,7661,181631,35044,9815,24463,766,"t00","2020-12-24",13023
"33",545,"Cały kraj",5048,1.32,68,8,60,297,165716,20632,5720,14202,710,"t00","2020-12-25",10804
"34",562,"Cały kraj",3678,0.96,56,5,51,319,153848,17341,4292,12691,358,"t00","2020-12-26",10061
"35",579,"Cały kraj",3211,0.84,27,2,25,366,144552,19002,3820,14825,357,"t00","2020-12-27",11155
"36",596,"Cały kraj",7914,2.06,311,60,251,28031,158414,44673,9246,34545,882,"t00","2020-12-28",9792
"37",613,"Cały kraj",12955,3.38,565,125,440,17657,161160,54230,14149,38997,1084,"t00","2020-12-29",4928
"38",630,"Cały kraj",13397,3.49,532,104,428,17905,168692,53703,14557,37831,1315,"t00","2020-12-30",7841
"39",647,"Cały kraj",11008,2.87,400,122,278,14050,170928,46724,12152,33485,1087,"t00","2020-12-31",13359
"40",664,"Cały kraj",6945,1.81,102,18,84,441,154006,27604,7722,19196,686,"t00","2021-01-01",11784
"41",681,"Cały kraj",5739,1.5,61,7,54,672,143466,29618,6702,22279,637,"t00","2021-01-02",7831
"42",698,"Cały kraj",4432,1.16,42,8,34,338,135305,25436,5225,19574,637,"t00","2021-01-03",5310
"43",715,"Cały kraj",7624,1.99,341,85,256,33066,156782,48466,8757,38880,829,"t00","2021-01-04",4939
"44",732,"Cały kraj",14151,3.69,553,144,409,19348,165668,61758,15217,45266,1275,"t00","2021-01-05",4044
"45",749,"Cały kraj",12054,3.14,186,38,148,316,158359,46757,12921,32753,1083,"t00","2021-01-06",7864
"46",766,"Cały kraj",8790,2.29,332,60,272,22077,168479,50177,10179,38942,1056,"t00","2021-01-07",12785
"47",783,"Cały kraj",10548,2.75,438,100,338,16429,168496,58371,11952,45261,1158,"t00","2021-01-08",13071
"48",800,"Cały kraj",9410,2.45,177,41,136,415,156834,43731,10059,32741,931,"t00","2021-01-09",9657
"49",817,"Cały kraj",4622,1.21,75,10,65,272,150116,26151,5374,20125,652,"t00","2021-01-10",6945
"50",834,"Cały kraj",5569,1.45,326,93,233,22317,170761,50150,6835,42439,876,"t00","2021-01-11",6991
"51",851,"Cały kraj",9053,2.36,481,117,364,13735,184488,73911,10008,62669,1234,"t00","2021-01-12",4907
"52",868,"Cały kraj",9436,2.46,381,92,289,12351,190307,79406,10239,67816,1351,"t00","2021-01-13",8476
"53",885,"Cały kraj",7795,2.03,386,88,298,11617,190259,73122,8751,63268,1103,"t00","2021-01-14",13158
"54",902,"Cały kraj",7412,1.93,369,69,300,11188,187925,69348,8468,59651,1229,"t00","2021-01-15",11819
"55",919,"Cały kraj",6055,1.58,142,37,105,296,178093,55247,6820,47560,867,"t00","2021-01-16",7705
"56",936,"Cały kraj",3271,0.85,52,11,41,217,173976,25174,3676,21019,479,"t00","2021-01-17",10769
"57",953,"Cały kraj",4835,1.26,291,60,231,17080,185122,48409,5893,41802,714,"t00","2021-01-18",9777
"58",970,"Cały kraj",6919,1.8,443,106,337,11207,188242,48317,7625,39862,830,"t00","2021-01-19",4595
"59",987,"Cały kraj",7152,1.86,419,81,338,10947,190953,47141,7918,38419,804,"t00","2021-01-20",6423
"60",1004,"Cały kraj",6640,1.73,346,76,270,10811,188758,45108,7386,36950,772,"t00","2021-01-21",8974
"61",1021,"Cały kraj",6322,1.65,346,82,264,10670,184639,44490,7029,36723,738,"t00","2021-01-22",10089
"62",1038,"Cały kraj",4683,1.22,110,22,88,307,176192,30965,5187,25208,570,"t00","2021-01-23",7934
"63",1055,"Cały kraj",2419,0.63,38,10,28,193,170854,19945,2743,16877,325,"t00","2021-01-24",7401
"64",1072,"Cały kraj",4604,1.2,264,39,225,17689,177875,42669,5600,36438,631,"t00","2021-01-25",6251
"65",1089,"Cały kraj",6789,1.77,389,97,292,11232,176833,47406,7536,39036,834,"t00","2021-01-26",3104
"66",1106,"Cały kraj",7156,1.87,389,78,311,10686,178510,47689,7923,39044,722,"t00","2021-01-27",4969
"67",1123,"Cały kraj",6144,1.6,336,65,271,10407,177684,45020,6901,37457,662,"t00","2021-01-28",6827
"68",1140,"Cały kraj",5864,1.53,303,53,250,11131,174906,44905,6540,37660,705,"t00","2021-01-29",7557
"69",1157,"Cały kraj",4706,1.23,98,27,71,260,162805,32276,5181,26573,522,"t00","2021-01-30",6030
"70",1174,"Cały kraj",2503,0.65,42,9,33,189,150420,21611,2953,18386,272,"t00","2021-01-31",6247
"71",1191,"Cały kraj",4326,1.13,253,40,213,17776,152614,42046,5119,36392,535,"t00","2021-02-01",5133
"72",1208,"Cały kraj",6802,1.77,421,137,284,11722,147257,47208,7484,39078,646,"t00","2021-02-02",2711
"73",1225,"Cały kraj",6496,1.69,444,84,360,11147,151201,43943,7131,36172,640,"t00","2021-02-03",4863
"74",1242,"Cały kraj",6053,1.58,368,67,301,10998,152292,41533,6705,34218,610,"t00","2021-02-04",6788
"75",1259,"Cały kraj",5965,1.56,283,72,211,11405,149585,44333,6638,37053,642,"t00","2021-02-05",7194
"76",1276,"Cały kraj",4728,1.23,93,33,60,243,138266,31353,5105,25782,466,"t00","2021-02-06",5711
"77",1293,"Cały kraj",2431,0.63,45,11,34,174,129751,21067,2787,17976,304,"t00","2021-02-07",5786
"78",1310,"Cały kraj",4029,1.05,227,53,174,18504,137467,43493,4728,38229,536,"t00","2021-02-08",4970
"79",1327,"Cały kraj",6930,1.81,360,90,270,11982,135235,52056,7619,43676,761,"t00","2021-02-09",2522
"80",1344,"Cały kraj",7008,1.83,456,95,361,12118,144541,51690,7663,43300,727,"t00","2021-02-10",4845
"81",1361,"Cały kraj",6379,1.66,247,46,201,11529,149615,48897,7077,41122,698,"t00","2021-02-11",6326
"82",1378,"Cały kraj",6586,1.72,284,45,239,11803,147961,49712,7284,41783,645,"t00","2021-02-12",6662
"83",1395,"Cały kraj",5334,1.39,98,21,77,284,137229,34566,5740,28260,566,"t00","2021-02-13",5681
"84",1412,"Cały kraj",2543,0.66,25,5,20,175,128654,22556,2932,19298,326,"t00","2021-02-14",5713
"85",1429,"Cały kraj",5178,1.35,196,44,152,21955,139469,46241,5936,39773,532,"t00","2021-02-15",5108
"86",1446,"Cały kraj",8694,2.27,279,45,234,14960,141093,54781,9387,44606,788,"t00","2021-02-16",2461
"87",1463,"Cały kraj",9073,2.37,273,44,229,14737,153920,54077,9787,43480,810,"t00","2021-02-17",4363
"88",1480,"Cały kraj",8777,2.29,241,43,198,14507,163974,49449,9462,39215,772,"t00","2021-02-18",6804
"89",1497,"Cały kraj",8510,2.22,254,45,209,15509,166639,50505,9249,40553,703,"t00","2021-02-19",7406
"90",1514,"Cały kraj",7038,1.84,94,21,73,414,156100,37407,7534,29220,653,"t00","2021-02-20",6215
"91",1531,"Cały kraj",3890,1.01,17,3,14,243,147208,24924,4363,20181,380,"t00","2021-02-21",6014
"92",1548,"Cały kraj",6310,1.65,247,47,200,26735,161407,41975,7056,34342,577,"t00","2021-02-22",5490
"93",1565,"Cały kraj",12146,3.17,372,67,305,18011,161187,61847,12985,48014,848,"t00","2021-02-23",2854
"94",1582,"Cały kraj",12142,3.17,286,34,252,17947,176394,57453,13018,43477,958,"t00","2021-02-24",5680
"95",1599,"Cały kraj",11539,3.01,259,62,197,17989,188482,53369,12425,40102,842,"t00","2021-02-25",8438
"96",1616,"Cały kraj",12100,3.15,303,55,248,19492,191595,56971,12989,43121,861,"t00","2021-02-26",9205
"97",1633,"Cały kraj",10099,2.63,114,29,85,471,179565,43898,10916,32305,677,"t00","2021-02-27",8511
"98",1650,"Cały kraj",4786,1.25,24,6,18,298,171656,26770,5369,20989,412,"t00","2021-02-28",8128
"99",1667,"Cały kraj",7937,2.07,216,62,154,33855,192491,50212,8925,40606,681,"t00","2021-03-01",7582
"100",1684,"Cały kraj",15698,4.09,309,61,248,23267,194086,62680,16639,45046,995,"t00","2021-03-02",3835
"101",1701,"Cały kraj",15250,3.98,289,58,231,23209,216011,62892,16221,45663,1008,"t00","2021-03-03",7492
"102",1718,"Cały kraj",15829,4.13,263,47,216,23843,234601,59118,16994,41104,1020,"t00","2021-03-04",11232
"103",1735,"Cały kraj",14857,3.87,245,56,189,25524,243583,62428,15818,45639,971,"t00","2021-03-05",12356
"104",1752,"Cały kraj",13574,3.54,126,25,101,656,227988,49997,14430,34632,935,"t00","2021-03-06",11146
"105",1769,"Cały kraj",6170,1.61,32,4,28,559,219104,31747,6920,24277,550,"t00","2021-03-07",11634
"106",1786,"Cały kraj",9954,2.6,282,64,218,42684,245202,54010,11143,42104,763,"t00","2021-03-08",9973
"107",1803,"Cały kraj",17260,4.5,398,89,309,31682,250598,68383,18372,48920,1091,"t00","2021-03-09",5263
"108",1820,"Cały kraj",21045,5.49,375,99,276,30072,276477,73332,22391,49555,1386,"t00","2021-03-10",9288
"109",1837,"Cały kraj",18775,4.9,351,75,276,32375,299942,65966,19932,44866,1168,"t00","2021-03-11",14538
"110",1854,"Cały kraj",21049,5.49,343,70,273,34990,310551,73120,22315,49442,1363,"t00","2021-03-12",16312
"111",1871,"Cały kraj",17259,4.5,110,25,85,999,292772,59910,19192,39599,1119,"t00","2021-03-13",14457
"112",1888,"Cały kraj",10896,2.84,28,5,23,680,280008,42372,12441,28998,933,"t00","2021-03-14",14496
"113",1905,"Cały kraj",14396,3.75,372,79,293,59561,314744,63915,16479,46320,1116,"t00","2021-03-15",13560
"114",1922,"Cały kraj",25052,6.53,453,103,350,41949,327953,84862,27255,56075,1532,"t00","2021-03-16",6825
"115",1939,"Cały kraj",27278,7.11,356,78,278,39272,356227,86240,30092,54393,1755,"t00","2021-03-17",11222
"116",1956,"Cały kraj",25998,6.78,419,116,303,39345,383721,86153,28846,55556,1751,"t00","2021-03-18",16912
"117",1973,"Cały kraj",26405,6.88,349,88,261,41266,396680,87609,29142,56584,1883,"t00","2021-03-19",20254
"118",1990,"Cały kraj",21849,5.7,140,40,100,1120,370067,62899,22846,38744,1309,"t00","2021-03-20",17016
"119",2007,"Cały kraj",14578,3.8,65,11,54,1029,351928,49135,15547,32625,963,"t00","2021-03-21",19320
"120",2024,"Cały kraj",16741,4.36,396,82,314,66491,392575,72429,20149,50796,1484,"t00","2021-03-22",18599
"121",2041,"Cały kraj",29978,7.82,575,115,460,48593,396701,95854,32767,61437,1650,"t00","2021-03-23",10269
"122",2058,"Cały kraj",34151,8.9,520,107,413,48815,434991,102579,37112,63115,2352,"t00","2021-03-24",15623
"123",2075,"Cały kraj",35143,9.16,443,125,318,48626,461317,107713,37453,68054,2206,"t00","2021-03-25",24930
"124",2092,"Cały kraj",31757,8.28,448,110,338,46921,480926,101079,33742,65131,2206,"t00","2021-03-26",28491
"125",2109,"Cały kraj",29253,7.63,131,36,95,1291,446762,86516,31062,53467,1987,"t00","2021-03-27",24103
"126",2126,"Cały kraj",16965,4.42,48,11,37,857,423889,54792,18327,35031,1434,"t00","2021-03-28",25695
"127",2143,"Cały kraj",20870,5.44,461,100,361,64434,454738,80088,22657,55889,1542,"t00","2021-03-29",24720
"128",2160,"Cały kraj",32874,8.57,653,151,502,45272,449126,102818,34761,66020,2037,"t00","2021-03-30",14553
"129",2177,"Cały kraj",35251,9.19,621,130,491,39776,468310,109430,37157,69915,2358,"t00","2021-03-31",20986
"130",2194,"Cały kraj",30546,7.96,497,145,352,37498,478914,101437,32288,67322,1827,"t00","2021-04-01",29715
"131",2211,"Cały kraj",28073,7.32,571,145,426,32024,467178,94331,29987,62574,1770,"t00","2021-04-02",35396
"132",2228,"Cały kraj",22947,5.98,204,50,154,1153,435354,72281,24365,46469,1447,"t00","2021-04-03",32715
"133",2245,"Cały kraj",9902,2.58,64,19,45,584,412774,39393,11084,27486,823,"t00","2021-04-04",31032
"134",2262,"Cały kraj",8245,2.15,60,28,32,972,394442,44934,9505,34725,704,"t00","2021-04-05",27518
"135",2279,"Cały kraj",14910,3.89,638,158,480,56127,414373,90901,16550,73297,1054,"t00","2021-04-06",19284
"136",2296,"Cały kraj",27887,7.27,954,241,713,37782,433346,111531,29553,79886,2092,"t00","2021-04-07",22973
"137",2313,"Cały kraj",28487,7.43,768,212,556,34971,439436,107306,30177,74963,2166,"t00","2021-04-08",32283
"138",2330,"Cały kraj",24856,6.48,749,193,556,32893,430830,105019,26360,76723,1936,"t00","2021-04-09",36284
"139",2347,"Cały kraj",21703,5.66,245,74,171,1408,394193,91870,22865,67331,1674,"t00","2021-04-10",28642
"140",2364,"Cały kraj",12013,3.13,61,15,46,759,362823,58456,12951,44630,875,"t00","2021-04-11",26739
"141",2381,"Cały kraj",13227,3.45,644,216,428,43722,367577,81902,14675,66002,1225,"t00","2021-04-12",22940
"142",2398,"Cały kraj",21283,5.55,803,182,621,28831,357099,99099,22817,74545,1737,"t00","2021-04-13",11128
"143",2415,"Cały kraj",21130,5.51,682,175,507,25283,352951,91158,22457,66894,1807,"t00","2021-04-14",9683
"144",2432,"Cały kraj",17847,4.65,595,176,419,22913,348056,83083,19129,62596,1358,"t00","2021-04-15",17373
"145",2449,"Cały kraj",15763,4.11,616,141,475,22173,334797,85431,17017,67052,1362,"t00","2021-04-16",30620
"146",2466,"Cały kraj",12153,3.17,207,52,155,950,292124,65410,13153,51232,1025,"t00","2021-04-17",26504
"147",2483,"Cały kraj",7283,1.9,101,48,53,581,265383,47649,8893,38056,700,"t00","2021-04-18",24079
"148",2500,"Cały kraj",9246,2.41,601,164,437,28051,262571,70590,10440,59255,895,"t00","2021-04-19",20609
"149",2517,"Cały kraj",13926,3.63,740,201,539,18482,253075,80299,15374,63667,1258,"t00","2021-04-20",12536
"150",2534,"Cały kraj",12762,3.33,694,175,519,16218,252098,71738,13901,56645,1192,"t00","2021-04-21",15406
"151",2551,"Cały kraj",10858,2.83,539,149,390,14948,250248,62513,11999,49536,978,"t00","2021-04-22",21340
"152",2568,"Cały kraj",9505,2.48,513,136,377,14320,241679,70872,10574,59348,950,"t00","2021-04-23",21879
"153",2585,"Cały kraj",7219,1.88,193,49,144,820,216922,51139,7987,42507,645,"t00","2021-04-24",17078
"154",2602,"Cały kraj",3451,0.9,22,4,18,432,195426,33801,4099,29338,364,"t00","2021-04-25",15764
"155",2619,"Cały kraj",5709,1.49,460,99,361,20398,193781,64810,7075,56962,773,"t00","2021-04-26",12778
"156",2636,"Cały kraj",8895,2.32,636,179,457,13420,187087,71722,9830,60923,969,"t00","2021-04-27",7695
"157",2653,"Cały kraj",8427,2.2,541,139,402,11865,202361,65831,9266,55706,859,"t00","2021-04-28",10438
"158",2670,"Cały kraj",6796,1.77,429,129,300,11120,197693,61274,7585,52911,778,"t00","2021-04-29",13565
"159",2687,"Cały kraj",6469,1.69,423,99,324,10562,185680,63400,7189,55506,705,"t00","2021-04-30",14570
"160",2704,"Cały kraj",4612,1.2,144,35,109,575,166019,43353,5056,37768,529,"t00","2021-05-01",10402
"161",2721,"Cały kraj",2525,0.66,37,14,23,479,141992,31030,2860,27896,274,"t00","2021-05-02",9103
"162",2738,"Cały kraj",2296,0.6,28,6,22,620,139205,31160,2642,28221,297,"t00","2021-05-03",7153
"163",2755,"Cały kraj",3896,1.02,349,82,267,15390,139274,56250,4556,51144,550,"t00","2021-05-04",4315
"164",2772,"Cały kraj",6431,1.68,510,158,352,10847,142351,66627,7116,58782,729,"t00","2021-05-05",6715
"165",2789,"Cały kraj",6047,1.58,453,117,336,9842,142253,65711,6704,58306,701,"t00","2021-05-06",8863
"166",2806,"Cały kraj",4765,1.24,421,109,312,9746,136787,63455,5264,57557,634,"t00","2021-05-07",8592
"167",2823,"Cały kraj",3852,1,147,43,104,573,124442,52161,4170,47527,464,"t00","2021-05-08",6687
"168",2840,"Cały kraj",2032,0.53,22,11,11,507,114652,36962,2262,34446,254,"t00","2021-05-09",6669
"169",2857,"Cały kraj",3098,0.81,319,84,235,13462,117931,62647,3635,58500,512,"t00","2021-05-10",4745
"170",2874,"Cały kraj",4255,1.11,343,87,256,8974,112961,66234,4779,60906,549,"t00","2021-05-11",2761
"171",2891,"Cały kraj",3730,0.97,342,88,254,7953,115045,57175,4189,52448,538,"t00","2021-05-12",2685
"172",2908,"Cały kraj",3288,0.86,289,80,209,8156,115914,60647,3743,56460,444,"t00","2021-05-13",4839
"173",2925,"Cały kraj",2896,0.76,298,100,198,7639,115750,57062,3258,53421,383,"t00","2021-05-14",6764
"174",2942,"Cały kraj",2167,0.56,55,21,34,786,107596,48958,2431,46212,315,"t00","2021-05-15",5466
"175",2959,"Cały kraj",1109,0.29,11,7,4,649,100096,33095,1277,31609,209,"t00","2021-05-16",4835
"176",2976,"Cały kraj",1734,0.45,245,73,172,10518,101013,59703,2130,57172,401,"t00","2021-05-17",3927
"177",2993,"Cały kraj",2344,0.61,329,74,255,7249,98191,58528,2639,55467,422,"t00","2021-05-18",2149
"178",3010,"Cały kraj",2086,0.54,250,68,182,6457,97366,55395,2362,52666,367,"t00","2021-05-19",3424
"179",3027,"Cały kraj",1679,0.44,191,56,135,5712,96793,57254,1994,54950,310,"t00","2021-05-20",4323
"180",3044,"Cały kraj",1516,0.4,191,44,147,5828,94777,58145,1786,56013,346,"t00","2021-05-21",3973
"181",3061,"Cały kraj",1075,0.28,46,8,38,705,86700,42231,1249,40753,229,"t00","2021-05-22",3200
"182",3078,"Cały kraj",559,0.15,17,5,12,773,79649,33321,674,32510,137,"t00","2021-05-23",3074
"183",3095,"Cały kraj",1000,0.26,151,41,110,8529,81603,61444,1279,59851,314,"t00","2021-05-24",2257
"184",3112,"Cały kraj",1267,0.33,209,55,154,5699,77005,57940,1522,56144,274,"t00","2021-05-25",1268
"185",3129,"Cały kraj",1230,0.32,135,30,105,5092,79008,63914,1730,61864,320,"t00","2021-05-26",2026
"186",3146,"Cały kraj",946,0.25,117,35,82,5025,81171,55668,1178,54243,247,"t00","2021-05-27",2432
"187",3163,"Cały kraj",775,0.2,125,32,93,4742,78901,61924,1041,60608,275,"t00","2021-05-28",2199
"188",3180,"Cały kraj",579,0.15,56,23,33,800,73205,44979,691,44113,175,"t00","2021-05-29",1685
"189",3197,"Cały kraj",333,0.09,7,5,2,543,69079,32369,448,31786,135,"t00","2021-05-30",1587
"190",3214,"Cały kraj",588,0.15,111,35,76,6401,71529,59733,828,58641,264,"t00","2021-05-31",1195
"191",3231,"Cały kraj",664,0.17,128,31,97,4529,66209,57059,864,55952,243,"t00","2021-06-01",678
"192",3248,"Cały kraj",572,0.15,91,30,61,4138,64168,55146,839,54100,207,"t00","2021-06-02",1164
"193",3265,"Cały kraj",319,0.08,26,7,19,600,60961,33285,416,32732,137,"t00","2021-06-03",1292
"194",3282,"Cały kraj",415,0.11,38,8,30,4327,62982,49998,604,49246,148,"t00","2021-06-04",1072
"195",3299,"Cały kraj",312,0.08,13,4,9,1147,60495,44710,388,44188,134,"t00","2021-06-05",983
"196",3316,"Cały kraj",194,0.05,8,2,6,632,58527,32135,262,31764,109,"t00","2021-06-06",878
"197",3333,"Cały kraj",400,0.1,95,26,69,6285,63352,64590,630,63736,224,"t00","2021-06-07",652
"198",3350,"Cały kraj",428,0.11,108,27,81,4293,59658,58099,677,57187,235,"t00","2021-06-08",378
"199",3367,"Cały kraj",382,0.1,84,22,62,3620,57127,53235,518,52535,182,"t00","2021-06-09",613
"200",3384,"Cały kraj",341,0.09,68,19,49,3097,56809,54667,513,53959,195,"t00","2021-06-10",730
"201",3401,"Cały kraj",239,0.06,47,15,32,3332,57526,55994,408,55438,148,"t00","2021-06-11",611
"202",3418,"Cały kraj",227,0.06,11,5,6,524,55191,48409,281,48014,114,"t00","2021-06-12",369
"203",3435,"Cały kraj",140,0.04,1,0,1,528,55463,33251,188,32965,98,"t00","2021-06-13",416
"204",3452,"Cały kraj",215,0.06,52,10,42,4411,60547,58596,351,58080,165,"t00","2021-06-14",358
"205",3469,"Cały kraj",241,0.06,62,12,50,2931,60040,54611,337,54123,151,"t00","2021-06-15",227
"206",3486,"Cały kraj",218,0.06,46,13,33,2772,61041,51409,306,50926,177,"t00","2021-06-16",446
"207",3503,"Cały kraj",190,0.05,48,12,36,2502,63472,47975,310,47548,117,"t00","2021-06-17",439
"208",3520,"Cały kraj",168,0.04,41,15,26,2373,64252,51920,263,51514,143,"t00","2021-06-18",419
"209",3537,"Cały kraj",133,0.03,5,1,4,570,63662,38174,245,37832,97,"t00","2021-06-19",340
"210",3554,"Cały kraj",73,0.02,1,0,1,350,63678,27606,98,27446,62,"t00","2021-06-20",235
"211",3571,"Cały kraj",188,0.05,29,15,14,3099,66894,64943,289,64475,179,"t00","2021-06-21",235
"212",3588,"Cały kraj",165,0.04,35,6,29,2076,61845,59936,333,59444,159,"t00","2021-06-22",178
"213",3605,"Cały kraj",147,0.04,24,4,20,2048,59403,48113,221,47771,121,"t00","2021-06-23",271
"214",3622,"Cały kraj",133,0.03,36,6,30,2058,57708,42518,193,42234,91,"t00","2021-06-24",247
"215",3639,"Cały kraj",100,0.03,21,5,16,2159,58801,43297,166,43048,83,"t00","2021-06-25",215
"216",3656,"Cały kraj",71,0.02,5,0,5,493,60566,30658,105,30504,49,"t00","2021-06-26",207
"217",3673,"Cały kraj",52,0.01,0,0,0,271,64751,21443,81,21320,42,"t00","2021-06-27",204
"218",3690,"Cały kraj",123,0.03,26,9,17,2412,72255,53830,200,53488,142,"t00","2021-06-28",148
"219",3707,"Cały kraj",104,0.03,16,3,13,1739,74745,50088,150,49819,119,"t00","2021-06-29",98
"220",3724,"Cały kraj",98,0.03,23,7,16,1775,78577,39535,158,39282,95,"t00","2021-06-30",187
"221",3741,"Cały kraj",96,0.03,21,8,13,1849,84100,42386,151,42148,87,"t00","2021-07-01",170
"222",3758,"Cały kraj",107,0.03,18,5,13,1911,91819,46691,155,46462,74,"t00","2021-07-02",145
"223",3775,"Cały kraj",54,0.01,1,0,1,581,97094,34310,77,34189,44,"t00","2021-07-03",131
"224",3792,"Cały kraj",38,0.01,1,0,1,472,101857,23279,48,23189,42,"t00","2021-07-04",110
"225",3809,"Cały kraj",96,0.03,10,4,6,2565,104225,49463,131,49222,110,"t00","2021-07-05",96
"226",3826,"Cały kraj",103,0.03,17,11,6,1809,101915,42891,154,42669,68,"t00","2021-07-06",83
"227",3843,"Cały kraj",93,0.02,19,3,16,1741,99467,39928,160,39671,97,"t00","2021-07-07",125
"228",3860,"Cały kraj",76,0.02,17,3,14,1684,98171,40731,181,40487,63,"t00","2021-07-08",94
"229",3877,"Cały kraj",86,0.02,7,3,4,1953,98715,45531,179,45245,107,"t00","2021-07-09",113
"230",3894,"Cały kraj",66,0.02,1,0,1,548,98523,34156,83,34030,43,"t00","2021-07-10",94
"231",3911,"Cały kraj",44,0.01,0,0,0,240,97367,25671,70,25550,51,"t00","2021-07-11",111
"232",3928,"Cały kraj",96,0.03,13,7,6,2496,97465,46939,148,46708,83,"t00","2021-07-12",66
"233",3945,"Cały kraj",86,0.02,6,3,3,1614,92902,41643,131,41428,84,"t00","2021-07-13",114
"234",3962,"Cały kraj",105,0.03,12,2,10,1634,90470,41557,141,41340,76,"t00","2021-07-14",94
"235",3979,"Cały kraj",93,0.02,14,1,13,1407,88628,36801,137,36587,77,"t00","2021-07-15",136
"236",3996,"Cały kraj",114,0.03,7,2,5,1547,88767,45685,162,45432,91,"t00","2021-07-16",280
"237",4013,"Cały kraj",69,0.02,3,0,3,524,88225,32192,89,32067,36,"t00","2021-07-17",71
"238",4030,"Cały kraj",67,0.02,0,0,0,109,86921,23581,92,23447,42,"t00","2021-07-18",81
"239",4047,"Cały kraj",104,0.03,4,0,4,2102,88120,47607,147,47365,95,"t00","2021-07-19",107
"240",4064,"Cały kraj",124,0.03,3,0,3,1438,85344,42208,172,41956,80,"t00","2021-07-20",82
"241",4081,"Cały kraj",126,0.03,9,3,6,1421,84380,37494,152,37272,70,"t00","2021-07-21",113
"242",4098,"Cały kraj",108,0.03,4,2,2,1505,84546,37197,152,36981,64,"t00","2021-07-22",127
"243",4115,"Cały kraj",122,0.03,6,2,4,1647,85506,41826,163,41605,58,"t00","2021-07-23",120
"244",4132,"Cały kraj",82,0.02,1,0,1,306,84878,32296,108,32146,42,"t00","2021-07-24",97
"245",4149,"Cały kraj",74,0.02,0,0,0,149,83518,23529,89,23400,40,"t00","2021-07-25",110
"246",4166,"Cały kraj",106,0.03,7,1,6,2165,84492,42491,144,42271,76,"t00","2021-07-26",100
"247",4183,"Cały kraj",138,0.04,3,1,2,1655,81796,39143,173,38890,80,"t00","2021-07-27",94
"248",4200,"Cały kraj",167,0.04,5,1,4,1482,80131,37501,232,37201,68,"t00","2021-07-28",112
"249",4217,"Cały kraj",153,0.04,2,0,2,1460,79433,37028,187,36787,54,"t00","2021-07-29",134
"250",4234,"Cały kraj",153,0.04,2,1,1,1648,79794,42822,196,42561,65,"t00","2021-07-30",131
"251",4251,"Cały kraj",91,0.02,0,0,0,487,77828,33372,106,33219,47,"t00","2021-07-31",144
"252",4268,"Cały kraj",91,0.02,0,0,0,318,76407,24769,110,24617,42,"t00","2021-08-01",133
"253",4285,"Cały kraj",164,0.04,4,2,2,2319,77004,45993,211,45716,66,"t00","2021-08-02",98
"254",4302,"Cały kraj",164,0.04,4,0,4,1594,75282,41833,200,41539,94,"t00","2021-08-03",105
"255",4319,"Cały kraj",176,0.05,6,4,2,1533,74265,39810,219,39542,49,"t00","2021-08-04",143
"256",4336,"Cały kraj",172,0.04,6,3,3,1518,72166,39327,203,39076,48,"t00","2021-08-05",170
"257",4353,"Cały kraj",181,0.05,4,2,2,1604,72394,45508,208,45260,40,"t00","2021-08-06",187
"258",4370,"Cały kraj",122,0.03,0,0,0,271,71091,36723,145,36548,30,"t00","2021-08-07",162
"259",4387,"Cały kraj",64,0.02,0,0,0,294,69832,24963,74,24857,32,"t00","2021-08-08",175
"260",4404,"Cały kraj",200,0.05,0,0,0,2389,70771,46681,242,46362,77,"t00","2021-08-09",113
"261",4421,"Cały kraj",198,0.05,4,1,3,1682,68287,41444,248,41110,86,"t00","2021-08-10",119
"262",4438,"Cały kraj",223,0.06,2,1,1,1705,66847,39662,253,39343,66,"t00","2021-08-11",155
"263",4455,"Cały kraj",196,0.05,6,2,4,1589,66472,39373,236,39086,51,"t00","2021-08-12",186
"264",4472,"Cały kraj",211,0.06,2,0,2,1805,65896,46087,256,45781,50,"t00","2021-08-13",215
